,Book Title,Price
0,Original p47 headphone Wireless Earbuds Invisible Ultra Small Bluetooth Handfree for all cell phones,Rs. 799
1,"P47 Wireless Bluetooth Headphones – HiFi Stereo Sound, Built-in Mic, Wireless Over-Ear Headset for Music, Gaming & Calls",Rs. 689
2,Bluetooth 5.2 Neckband Wireless Earphones with Mic – Waterproof Magnetic Sport Headset,Rs. 451
3,New Air 31 Wireless Bluetooth Headset airpods handfree earbuds airdots Hanging Ear Unisex Driving Can Answer The Phone Long Standby 1 Minute Fast Charge Single Headsr-Color Family Headphones & Headsets&gt;Wireless Earbuds,Rs. 766
4,"P9 Wireless Bluetooth Headphones | HiFi Stereo Over-Ear | Built-in Mic | Sports Headset for iPhone, Tablet, PC and Android.","Rs. 1,040"
5,"P9 Wireless Bluetooth Headphones with Mic – Noise Cancelling Headsets, Hi-Fi Stereo Sound Earphones for Sports & Gaming, Over-Ear Wireless Headphones with Deep Bass, Built-in Mic & Noise Cancellation",Rs. 840
6,"Wireless Headphones, P47 Bluetooth Foldable Headset with Microphone Support FM Radio TF for PC TV Smart Phones & Tablets Etc",Rs. 699
7,P47 Wireless Headset Bluetooth Foldable On-Ear Headphone (Connect with All Smart Cell Phones / Laptops / Computer Systems).,Rs. 826
8,"Wireless Headphones, P47 Bluetooth Foldable Headset with Microphone Support FM Radio TF for PC TV Smart Phones & Tablets Etc",Rs. 689
9,M5 Wireless bluetooth Neckband - Original sports magnetic neckband- Super bass and wonderful sound - compatible with android and all other devices - m5 earphones headset - neckband earphone - M5 magnetic handfree - Latest standard bluetooth neckband,Rs. 450
10,"P47 Wireless Bluetooth 4.1 Headphones with Mic, FM Radio, and MP3 Player, Folding Stereo Headset, 3.5mm Aux Support, Multi Function, 10m Range",Rs. 616
11,P9 Wireless Bluetooth Headphones with Mic,Rs. 821
12,Orignal P47 Wireless Headset Bluetooth Foldable On-Ear Headphone Wireless Earbuds Invisible Ultra Small Bluetooth Handfree for all cell phones,Rs. 749
13,"P9 Wireless Bluetooth Headphones with Mic – Hi-Fi Sound, Noise Cancelling, Foldable Over-Ear – Best for Music, Gaming, Calls – Long Battery – Compatible with Android, iPhone – Best Wireless Headphones","Rs. 1,080"
14,Zayraz P9 Wireless Bluetooth Headphones With Mic Headsets Stereo Sound Earphones Sports Gaming Headphones Supports TF Zayraz Headphones,"Rs. 1,044"
15,"P9 Wireless Bluetooth Headphones | HiFi Stereo Over-Ear | Built-in Mic | Sports Headset for iPhone, Tablet, PC",Rs. 999
16,P9 Wireless Bluetooth Headphones With Mic Noise Cancelling Headsets Stereo Sound Earphones Sports Gaming Headphone Supports Noise Cancellation,Rs. 897
17,P9 Wireless Bluetooth Headphones With Mic Noise Cancelling Headsets Stereo Sound Earphones Sports Gaming Headphones Supports,Rs. 983
18,"RAZOR Green Gaming Headset with Mic | Over-Ear Wired Headphones for PC, PS4, Xbox, Laptop | Noise Cancelling, Deep Bass, Surround Sound | Gamer & Streamer Headphones | Ergonomic Comfort for Long Sessions","Rs. 1,431"
19,"P9 Wireless Headphones | Bluetooth 5.0, Deep Bass, Noise Reduction | Foldable & Lightweight – Ideal for Music, Gaming & Calls""","Rs. 1,050"
20,P47 On Ear Wireless Headphones Dynamic Plastic Mobile Phone Earphone with Volume Control / with Microphone / Noise-isolating Headset,Rs. 795
21,"P9 Wireless Bluetooth Headphones | HiFi Stereo Over-Ear | Built-in Mic | Sports Headset for iPhone, Tablet, PC ( Max Blue)",Rs. 740
22,P9 Wireless Bluetooth Headphones With Mic Noise Cancelling Headsets Stereo Sound Earphones Sports Gaming Headphones Supports,"Rs. 1,069"
23,Headphone - Wired Headset - Wired Headphones With Mic - High-Quality Gaming Headphone For mobile/PC or Laptop - Over-The Ear Wired Headphones,Rs. 829
24,"New Wireless Girls Cat Headphone And Earbuds Model STN28 , P47M , P47 And P9 | Best Bluetooth 5.0 Stereo Connectivity Headphones",Rs. 822
25,P47 Wireless Headset Bluetooth Foldable On-Ear Headphone (Connect with All Smart Cell Phones / Laptops / Computer Systems).,Rs. 720
26,Single Pin mobile Gaming Headphones Headset mic mute option for pub g PC laptop mobile,"Rs. 1,099"
27,"Wireless Headphones, P47 Bluetooth Foldable Headset with Microphone Support FM Radio TF for PC TV Smart Phones & Tablets Etc",Rs. 711
28,Wireless Neckband Bluetooth 5.0 Headphone Wireless Headset With Heavy Bass Stereo Earphones High Quality Magnetic Attraction Intelligent Noise Reduction Cancelling Sports Headset ZF Tech,Rs. 252
29,i12 Double Wireless Bluetooth Hand Free with Power Bank AirPod Stereo Earphones White bluetooth ear phone for all cell phones use-Color Family:Black,Rs. 632
30,"Original Wireless Airpods In-Ear Bluetooth Headphones with Neckband - HD Stereo, Hands-Free, 15 Hours Battery, Compatible with All Phones",Rs. 314
31,P9 Wireless Bluetooth Headphones With Mic Noise Cancelling Headsets Stereo Sound Earphones Sports Gaming Headphone Supports Noise Cancellation,Rs. 839
32,"P9 Wireless Bluetooth Headphones: Comfortable Fit, Long Battery Life, HiFi Stereo Over-Ear Headset with Built-in Mic",Rs. 840
33,"P47 Headphones Wireless Earbuds - World's Smallest Invisible Bluetooth 5.3 Earbuds | 30H Playtime | Touch Control | IPX7 Waterproof | HD Mic | Noise Isolation | Perfect for Gym, Work, Travel – The Shopefy",Rs. 755
34,"P9 Wireless Bluetooth Headphones | HiFi Stereo Over-Ear | Built-in Mic | Sports Headset for iPhone, Tablet, PC","Rs. 1,189"
35,Orignal p47 headphone Wireless Earbuds Invisible Ultra Small Bluetooth Handfree for all cell phones,Rs. 769
36,P9 Wireless Bluetooth Headphones With | Mic Noise Cancelling Headsets Stereo Sound Earphones | Sports Gaming Headphones Supports,Rs. 949
37,P47 Wireless Bluetooth Headphones Latest 5.0+EDR with Mic Stereo Headset Supports FM Radio / TF Card / AUX Cable,Rs. 899
38,"""Magnetic Bluetooth Wireless Stereo In-Ear Sports Earphone - Black: Hands-Free Convenience!""",Rs. 505
39,P9 Wireless Bluetooth Headphones With Mic Noise Cancelling Headsets Stereo Sound Earphones Sports Gaming Headphone Supports Noise Cancellation,Rs. 892
